Element,Eads,d-band
Co,-0.672904,-0.876
Cu,-0.295431,-1.632
Fe3+,-0.610658,-1.775
Mn3+,-0.61036,-0.527
Ni3+,-0.48978464,-1.562
W,-1.228395,-0.233
Ce,-1.123102,3.526
Cr,-1.066463,-0.309
Gd,-1.148165,3.396
Hf,-1.275732,0.053
U,-1.189183,1.647
Lu,-1.163288,3.857
Y,-1.11434612,3.557
Sc,-1.035124,2.858
Ba,-0.780556,6.183
Ca,-0.745662,6.372
Sr,-0.79583,4.56
Nd,-1.137888,3.522
Sm,-1.107748,3.193
